{
 "single_stream": {
  "ttft_p50_ms": 58.432820020243526,
  "itl_p50_ms": 13.03619630178254,
  "tok_s_stream": 75.53408397733556
 },
 "concurrent": {
  "agg_tok_s": 627.5881741691808,
  "ttft_p50_ms": 351.3696240261197,
  "ttft_p99_ms": 503.5477909259498,
  "concurrency": 32,
  "requests": 64,
  "wall_s": 26.106291791889817
 }
}